-10.25116,0.18421052631578946,0.0,0.0
-10.25116,0.17857142857142858,0.0,0.0
-9.938195,0.14285714285714285,0.0,0.0
-9.758197,0.10526315789473684,0.0,0.0
-8.60959,0.05263157894736842,0.0,0.0
-8.678948,0.11764705882352941,0.0,0.0
-10.25116,0.15384615384615385,0.005747126436781609,0.0
-9.45621,0.14285714285714285,0.0,0.0
-10.25116,0.15789473684210525,0.0,0.0
-4.539449,0.1111111111111111,0.1111111111111111,0.0
-3.503763,0.15384615384615385,0.0,0.0
-11.69348,0.17042606516290726,0.0,0.0
-11.69348,0.15608465608465608,0.0,0.0
-11.69348,0.13227513227513227,0.0,0.0
-11.69348,0.1442495126705653,0.0,0.0
-10.94276,0.10916179337231968,0.0,0.0
-10.69429,0.0784313725490196,0.0,0.0
-11.69348,0.14423076923076925,0.05,0.0
-10.9986,0.1693121693121693,0.0,0.0
-8.783822,0.10526315789473684,0.0,0.0
-8.408475,0.1574074074074074,0.0,0.0
-5.502049,0.12555260831122902,0.08333333333333333,0.0
-12.37525,0.12310606060606061,0.0,0.0
-12.37525,0.14756258234519104,0.0,0.0
-12.37525,0.14756258234519104,0.0,0.0
-12.37525,0.10256410256410257,0.0,0.0
-11.62452,0.15018315018315018,0.0,0.0
-11.37606,0.1717171717171717,0.0,0.0
-12.37525,0.09682539682539681,0.0,0.0
-3.757941,0.26877470355731226,2.0,0.0
-12.37525,0.0989010989010989,0.0,0.0
-8.83969,0.10683760683760683,0.0,0.0
-6.245666,0.15864527629233513,0.020833333333333332,0.0
-9.74975,0.037037037037037035,0.0,0.0
-9.74975,0.0,0.3055555555555556,0.0
-9.436782,0.0,0.0,0.0
-9.256784,0.125,0.0,0.0
-8.108177,0.125,0.0,0.0
-8.177535,0.0,0.0,0.0
-9.74975,0.0,0.026881720430107527,0.0
-8.954798,0.058823529411764705,0.0,0.0
-9.74975,0.0,0.0,0.0
-6.883414,0.14285714285714285,0.0,0.0
-4.432859,0.0,0.2708333333333333,0.0
-13.48494,0.16176470588235295,0.25,0.0
-13.48494,0.14646464646464644,0.0,0.0
-13.48494,0.202020202020202,0.0,0.0
-13.48494,0.23589743589743592,0.0,0.0
-12.73422,0.19145299145299144,0.0,0.0
-12.48575,0.1724941724941725,0.0,0.0
-13.48494,0.1272727272727273,0.0,0.0
-12.79006,0.2601010101010101,0.0,0.0
-13.48494,0.09572649572649572,0.0,0.0
-11.10974,0.25396825396825395,0.0,0.0
-7.096439,0.156998556998557,0.0,0.0
-9.64549,0.125,0.0,0.0
-9.64549,0.13636363636363635,0.6486486486486487,0.0
-9.332523,0.13636363636363635,0.0,0.0
-9.152524,0.15384615384615385,0.0,0.0
-8.003917,0.15384615384615385,0.0,0.0
-8.073275,0.18181818181818182,0.0,0.0
-9.64549,0.1,0.010526315789473684,0.0
-8.850538,0.18181818181818182,0.0,0.0
-9.64549,0.07692307692307693,0.0,0.0
-7.090769,0.16666666666666666,0.0,0.0
-2.871689,0.12121212121212122,0.0,0.0
-12.62628,0.16176470588235295,0.0,0.0
-12.62628,0.14646464646464644,0.0,0.0
-12.62628,0.202020202020202,0.0,0.0
-12.62628,0.19145299145299144,0.0,0.0
-10.51359,0.19145299145299144,0.0,0.0
-11.62709,0.1724941724941725,0.0,0.0
-12.62628,0.15757575757575756,0.0,0.0
-11.9314,0.20454545454545456,0.0,0.0
-12.62628,0.14017094017094017,0.0,0.0
-10.25107,0.20634920634920637,0.0,0.0
-5.852477,0.17604617604617603,0.0,0.0
-9.668522,0.09090909090909091,0.21428571428571427,0.0
-9.668522,0.13043478260869565,0.09615384615384616,0.0
-9.355554,0.17391304347826086,0.0,0.0
-9.175556,0.0,0.0,0.0
-8.026948,0.07142857142857142,0.14285714285714285,0.0
-8.096306,0.16666666666666666,0.0,0.0
-9.668522,0.14285714285714285,0.0,0.0
-8.873569,0.08695652173913043,0.0,0.0
-9.668522,0.2857142857142857,0.0,0.0
-7.1138,0.07692307692307693,0.0,0.0
-3.184765,0.11764705882352941,0.14545454545454545,0.0
-9.668522,0.09090909090909091,0.0,0.0
-9.668522,0.13043478260869565,0.018867924528301886,0.0
-9.355554,0.17391304347826086,0.0,0.0
-9.175556,0.0,0.0,0.0
-8.026948,0.07142857142857142,0.0,0.0
-8.096306,0.16666666666666666,0.0,0.0
-9.668522,0.14285714285714285,0.0,0.0
-8.873569,0.08695652173913043,0.0,0.0
-9.668522,0.2857142857142857,0.0,0.0
-7.1138,0.07692307692307693,0.0,0.0
-3.184765,0.11764705882352941,0.0,0.0
-9.835154,0.06825396825396825,0.13333333333333333,0.0
-9.835154,0.05185185185185185,0.1509433962264151,0.0
-9.522187,0.08518518518518518,0.0,0.0
-9.342188,0.15824915824915825,0.0,0.0
-8.193581,0.12121212121212122,0.0,0.0
-8.262939,0.047619047619047616,0.0,0.0
-9.835154,0.020833333333333332,0.0,0.0
-9.040202,0.08518518518518518,0.0,0.0
-9.835154,0.15824915824915825,0.0,0.0
-6.906865,0.06666666666666667,0.0,0.0
-2.718415,0.054505005561735265,0.43859649122807015,0.0
-9.68203,0.07142857142857142,0.13333333333333333,0.0
-9.68203,0.05555555555555555,0.0,0.0
-9.369062,0.05555555555555555,0.0,0.0
-9.189064,0.1111111111111111,0.0,0.0
-8.040456,0.0,0.0,0.0
-8.109815,0.14285714285714285,0.0,0.0
-9.68203,0.0625,0.0,0.0
-8.887077,0.05555555555555555,0.0,0.0
-9.68203,0.1111111111111111,0.0,0.0
-7.127308,0.0,0.0,0.0
-2.599064,0.034482758620689655,0.3103448275862069,0.0
-13.09981,0.11216608594657375,0.2,0.0
-13.09981,0.11953405017921147,0.018518518518518517,0.0
-13.09981,0.16066308243727598,0.0,0.0
-13.09981,0.16414141414141414,0.0,0.0
-12.34908,0.1590909090909091,0.0,0.0
-12.10062,0.08571428571428572,0.0,0.0
-13.09981,0.10183189655172414,0.0,0.0
-12.40493,0.12840501792114695,0.0,0.0
-13.09981,0.16414141414141414,0.0,0.0
-10.35103,0.09761904761904762,0.09090909090909091,0.0
-5.983067,0.1599263732189205,0.7,0.0
-9.835154,0.06825396825396825,0.06666666666666667,0.0
-9.835154,0.05185185185185185,0.16666666666666666,0.0
-9.522187,0.08518518518518518,0.0,0.0
-9.342188,0.15824915824915825,0.0,0.0
-8.193581,0.12121212121212122,0.0,0.0
-8.262939,0.047619047619047616,0.0,0.0
-9.835154,0.020833333333333332,0.0,0.0
-9.040202,0.08518518518518518,0.0,0.0
-9.835154,0.15824915824915825,0.0,0.0
-6.906865,0.06666666666666667,0.09090909090909091,0.0
-2.718415,0.054505005561735265,0.3548387096774194,0.0
-12.64116,0.3343965975544923,0.7222222222222222,0.0
-12.64116,0.15320910973084886,0.1016949152542373,0.0
-12.64116,0.21118012422360247,0.0,0.0
-12.64116,0.16541353383458646,0.0,0.0
-11.89043,0.11779448621553884,0.14285714285714285,0.0
-11.64197,0.09477124183006536,0.0,0.0
-12.64116,0.14041514041514042,0.011583011583011582,0.0
-11.94628,0.20600414078674947,0.0,0.0
-12.64116,0.24812030075187966,0.0,0.0
-10.26595,0.17663817663817663,0.0,0.0
-6.660334,0.23479135243841123,0.07352941176470588,0.0
-11.78963,0.046798029556650245,0.0,0.0
-11.78963,0.037037037037037035,0.06557377049180328,0.0
-11.78963,0.10721247563352826,0.3,0.0
-11.78963,0.06666666666666667,0.0,0.0
-11.03891,0.14074074074074075,0.0,0.0
-10.79044,0.08333333333333333,0.0,0.0
-11.78963,0.08088235294117647,0.08710801393728224,0.0
-11.09475,0.07212475633528265,0.0,0.0
-11.78963,0.13333333333333333,0.0,0.0
-9.414428,0.1574074074074074,0.0,0.0
-5.910158,0.09042145593869733,0.1095890410958904,0.0
-9.685361,0.06451612903225806,0.59375,0.0
-9.685361,0.047619047619047616,0.09836065573770492,0.0
-9.372393,0.14285714285714285,0.0,0.0
-9.192395,0.08333333333333333,0.0,0.0
-8.043788,0.08333333333333333,0.42857142857142855,0.0
-8.113146,0.2,0.0,0.0
-9.685361,0.10526315789473684,0.013422818791946308,0.0
-8.890408,0.047619047619047616,0.0,0.0
-9.685361,0.16666666666666666,0.0,0.0
-6.422267,0.09090909090909091,0.0,0.0
-3.538358,0.09375,0.08,0.0
-8.128429,0.044444444444444446,0.0,0.0
-8.478772,0.06666666666666667,0.0,0.0
-7.771729,0.06666666666666667,0.0,0.0
-9.153396,0.12121212121212122,0.0,0.0
-5.148504,0.0,0.0,0.0
-8.154205,0.07407407407407407,0.0,0.0
-8.478772,0.037037037037037035,0.0,0.0
-7.228736,0.03333333333333333,0.0,0.0
-9.153396,0.14393939393939395,0.0,0.0
-6.186894,0.06666666666666667,0.0,0.0
-3.431007,0.04301075268817204,0.1935483870967742,0.0
-8.609862,0.03571428571428571,0.0,0.0
-8.609862,0.05555555555555555,0.047619047619047616,0.0
-8.296895,0.05555555555555555,0.0,0.0
-8.116896,0.0,0.0,0.0
-6.96829,0.1111111111111111,0.0,0.0
-7.037648,0.0,0.0,0.0
-8.609862,0.0625,0.0,0.0
-7.81491,0.05555555555555555,0.0,0.0
-8.609862,0.0,0.0,0.0
-6.055141,0.125,0.0,0.0
-2.730388,0.06896551724137931,0.0,0.0
-8.609862,0.03571428571428571,0.0,0.0
-8.609862,0.05555555555555555,0.0,0.0
-8.296895,0.05555555555555555,0.0,0.0
-8.116896,0.0,0.0,0.0
-6.96829,0.1111111111111111,0.0,0.0
-7.037648,0.0,0.0,0.0
-8.609862,0.0625,0.0,0.0
-7.81491,0.05555555555555555,0.0,0.0
-8.609862,0.0,0.0,0.0
-6.055141,0.125,0.0,0.0
-2.730388,0.06896551724137931,0.0,0.0
-12.5536,0.05,0.0,0.0
-12.5536,0.0625,0.0,0.0
-12.5536,0.07500000000000001,0.0,0.0
-12.5536,0.11363636363636365,0.0,0.0
-11.43771,0.0,0.0,0.0
-11.55441,0.08333333333333333,0.0,0.0
-12.5536,0.06944444444444445,0.0,0.0
-10.94315,0.05,0.0,0.0
-12.5536,0.06818181818181818,0.0,0.0
-9.958569,0.07500000000000001,0.0,0.0
-6.550471,0.04838709677419355,0.0,0.0
-12.94662,0.05057471264367816,0.0,0.0
-12.94662,0.06315789473684211,0.0,0.0
-12.94662,0.07631578947368421,0.0,0.0
-12.94662,0.1159090909090909,0.0,0.0
-11.83074,0.075,0.0,0.0
-11.94743,0.05555555555555555,0.0,0.0
-12.94662,0.042483660130718956,0.0,0.0
-11.33617,0.038157894736842106,0.0,0.0
-12.94662,0.09545454545454546,0.0,0.0
-10.35159,0.10555555555555556,0.0,0.0
-6.943496,0.05725806451612903,0.0,0.0
-8.128429,0.044444444444444446,0.0,0.0
-8.478772,0.06666666666666667,0.0,0.0
-7.771729,0.06666666666666667,0.0,0.0
-9.153396,0.12121212121212122,0.0,0.0
-5.148504,0.0,0.0,0.0
-8.154205,0.07407407407407407,0.0,0.0
-8.478772,0.037037037037037035,0.0,0.0
-7.228736,0.03333333333333333,0.0,0.0
-9.153396,0.14393939393939395,0.0,0.0
-6.186894,0.06666666666666667,0.0,0.0
-3.431007,0.04301075268817204,0.1935483870967742,0.0
-8.128429,0.044444444444444446,0.0,0.0
-8.478772,0.06666666666666667,0.0,0.0
-7.771729,0.06666666666666667,0.0,0.0
-9.153396,0.12121212121212122,0.0,0.0
-5.148504,0.0,0.0,0.0
-8.154205,0.07407407407407407,0.0,0.0
-8.478772,0.037037037037037035,0.0,0.0
-7.228736,0.03333333333333333,0.0,0.0
-9.153396,0.14393939393939395,0.0,0.0
-6.186894,0.06666666666666667,0.0,0.0
-3.431007,0.04301075268817204,0.1935483870967742,0.0
-8.128429,0.044444444444444446,0.0,0.0
-8.478772,0.06666666666666667,0.0,0.0
-7.771729,0.06666666666666667,0.0,0.0
-9.153396,0.12121212121212122,0.0,0.0
-5.148504,0.0,0.0,0.0
-8.154205,0.07407407407407407,0.0,0.0
-8.478772,0.037037037037037035,0.0,0.0
-7.228736,0.03333333333333333,0.0,0.0
-9.153396,0.14393939393939395,0.0,0.0
-6.186894,0.06666666666666667,0.0,0.0
-3.431007,0.04301075268817204,0.1935483870967742,0.0
-8.128429,0.044444444444444446,0.0,0.0
-8.478772,0.06666666666666667,0.0,0.0
-7.771729,0.06666666666666667,0.0,0.0
-9.153396,0.12121212121212122,0.0,0.0
-5.148504,0.0,0.0,0.0
-8.154205,0.07407407407407407,0.0,0.0
-8.478772,0.037037037037037035,0.0,0.0
-7.228736,0.03333333333333333,0.0,0.0
-9.153396,0.14393939393939395,0.0,0.0
-6.186894,0.06666666666666667,0.0,0.0
-3.431007,0.04301075268817204,0.1935483870967742,0.0
-8.128429,0.044444444444444446,0.0,0.0
-8.478772,0.06666666666666667,0.0,0.0
-7.771729,0.06666666666666667,0.0,0.0
-9.153396,0.12121212121212122,0.0,0.0
-5.148504,0.0,0.0,0.0
-8.154205,0.07407407407407407,0.0,0.0
-8.478772,0.037037037037037035,0.0,0.0
-7.228736,0.03333333333333333,0.0,0.0
-9.153396,0.14393939393939395,0.0,0.0
-6.186894,0.06666666666666667,0.0,0.0
-3.431007,0.04301075268817204,0.1935483870967742,0.0
-9.543587,0.12287581699346406,0.0,0.0
-9.89393,0.12222222222222223,0.0,0.0
-9.186887,0.15,0.0,0.0
-10.56855,0.16565656565656564,0.0,0.0
-8.660861,0.08888888888888889,0.0,0.0
-9.569363,0.12535612535612536,0.0,0.0
-9.89393,0.12794612794612795,0.0,0.0
-9.414457,0.08888888888888889,0.0,0.0
-10.56855,0.19393939393939394,0.0,0.0
-8.193349,0.1619047619047619,0.0,0.0
-4.846165,0.10015360983102918,0.0,0.0
-8.383493,0.06743295019157088,0.0,0.0
-8.733836,0.06666666666666667,0.0,0.0
-8.026793,0.1368421052631579,0.0,0.0
-9.40846,0.12121212121212122,0.0,0.0
-7.500768,0.0,0.0,0.0
-8.409269,0.1574074074074074,0.0,0.0
-8.733836,0.07625272331154684,0.0,0.0
-8.254363,0.06842105263157895,0.0,0.0
-9.40846,0.19393939393939394,0.0,0.0
-7.033255,0.06666666666666667,0.0,0.0
-3.686071,0.08745519713261647,0.0967741935483871,0.0
-13.57859,0.07391774891774891,0.16666666666666666,0.0
-13.57859,0.08864734299516908,0.043478260869565216,0.0
-13.57859,0.08864734299516908,0.0,0.0
-13.57859,0.12662337662337664,0.0,0.0
-12.4627,0.0734126984126984,0.0,0.0
-12.5794,0.07638888888888888,0.0,0.0
-13.57859,0.07093253968253968,0.0,0.0
-11.96814,0.07451690821256038,0.0,0.0
-13.57859,0.08116883116883117,0.0,0.0
-10.98356,0.15096153846153848,0.0,0.0
-7.699112,0.08879964666623046,0.03225806451612903,0.0
-12.42568,0.06711711711711713,0.0,0.0
-12.42568,0.08703703703703704,0.043478260869565216,0.0
-12.42568,0.0962962962962963,0.0,0.0
-12.42568,0.1047979797979798,0.0,0.0
-11.30979,0.027777777777777776,0.0,0.0
-11.42649,0.07118055555555555,0.0,0.0
-12.42568,0.10777777777777778,0.0,0.0
-10.81523,0.062037037037037036,0.0,0.0
-12.42568,0.059343434343434344,0.0,0.0
-9.830649,0.07941176470588235,0.16666666666666666,0.0
-6.422551,0.07173174872665534,0.0,0.0
-12.39735,0.05606060606060606,0.0,0.0
-12.39735,0.08260869565217391,0.0,0.0
-12.39735,0.08260869565217391,0.0,0.0
-12.39735,0.10876623376623376,0.0,0.0
-11.28146,0.0,0.0,0.0
-11.39816,0.07638888888888888,0.0,0.0
-12.39735,0.051587301587301584,0.0,0.0
-10.7869,0.035869565217391305,0.0,0.0
-12.39735,0.045454545454545456,0.0,0.0
-9.802321,0.06923076923076923,0.0,0.0
-6.394223,0.0543168880455408,0.0,0.0
-10.26215,0.15625,0.0,0.0
-10.26215,0.09090909090909091,0.0,0.0
-9.949186,0.09090909090909091,0.0,0.0
-9.769187,0.15384615384615385,0.0,0.0
-8.62058,0.07692307692307693,0.0,0.0
-8.689938,0.2727272727272727,0.0,0.0
-10.26215,0.05,0.0,0.0
-9.467201,0.18181818181818182,0.0,0.0
-10.26215,0.15384615384615385,0.0,0.0
-4.653485,0.16666666666666666,0.0,0.0
-4.047892,0.09090909090909091,0.0,0.0
-8.609862,0.03571428571428571,0.0,0.0
-8.609862,0.05555555555555555,0.0,0.0
-8.296895,0.05555555555555555,0.0,0.0
-8.116896,0.0,0.0,0.0
-6.96829,0.1111111111111111,0.0,0.0
-7.037648,0.0,0.0,0.0
-8.609862,0.0625,0.0,0.0
-7.81491,0.05555555555555555,0.0,0.0
-8.609862,0.0,0.0,0.0
-6.055141,0.125,0.0,0.0
-2.730388,0.06896551724137931,0.0,0.0
-9.611555,0.06825396825396825,0.16666666666666666,0.0
-9.961898,0.1037037037037037,0.0,0.0
-9.254855,0.06666666666666667,0.0,0.0
-10.63652,0.12121212121212122,0.0,0.0
-8.72883,0.0,0.0,0.0
-9.637332,0.07407407407407407,0.0,0.0
-9.961898,0.0787037037037037,0.05405405405405406,0.0
-9.482425,0.03333333333333333,0.0,0.0
-10.63652,0.06060606060606061,0.0,0.0
-8.261318,0.06666666666666667,0.0,0.0
-4.914133,0.06599925843529848,0.0967741935483871,0.0
-9.492469,0.06825396825396825,0.3333333333333333,0.0
-9.842812,0.1037037037037037,0.0,0.0
-9.135769,0.06666666666666667,0.0,0.0
-10.51744,0.12121212121212122,0.0,0.0
-8.609743,0.0,0.0,0.0
-9.518245,0.07407407407407407,0.0,0.0
-9.842812,0.0787037037037037,0.10738255033557047,0.0
-9.363339,0.03333333333333333,0.0,0.0
-10.51744,0.06060606060606061,0.0,0.0
-8.142231,0.06666666666666667,0.0,0.0
-4.795047,0.06599925843529848,0.0,0.0
-9.518812,0.06825396825396825,0.3333333333333333,0.0
-9.869155,0.1037037037037037,0.0,0.0
-9.162112,0.06666666666666667,0.0,0.0
-10.54378,0.12121212121212122,0.0,0.0
-8.636087,0.0,0.0,0.0
-9.544588,0.07407407407407407,0.0,0.0
-9.869155,0.0787037037037037,0.10596026490066225,0.0
-9.389682,0.03333333333333333,0.0,0.0
-10.54378,0.06060606060606061,0.0,0.0
-8.168574,0.06666666666666667,0.0,0.0
-4.82139,0.06599925843529848,0.0,0.0
-9.996297,0.06825396825396825,0.3333333333333333,0.0
-10.34664,0.1037037037037037,0.0,0.0
-9.639597,0.06666666666666667,0.0,0.0
-11.02126,0.12121212121212122,0.0,0.0
-9.113571,0.0,0.0,0.0
-10.02207,0.07407407407407407,0.0,0.0
-10.34664,0.0787037037037037,0.10457516339869281,0.0
-9.867166,0.03333333333333333,0.0,0.0
-11.02126,0.06060606060606061,0.0,0.0
-8.646059,0.06666666666666667,0.0,0.0
-5.298874,0.06599925843529848,0.0,0.0
-10.01934,0.06825396825396825,0.3333333333333333,0.0
-10.36968,0.1037037037037037,0.0,0.0
-9.662642,0.06666666666666667,0.0,0.0
-11.04431,0.12121212121212122,0.0,0.0
-9.136616,0.0,0.0,0.0
-10.04512,0.07407407407407407,0.0,0.0
-6.959647,0.12037037037037036,0.1032258064516129,0.0
-9.890212,0.03333333333333333,0.0,0.0
-11.04431,0.06060606060606061,0.0,0.0
-8.669104,0.06666666666666667,0.0,0.0
-5.321919,0.06599925843529848,0.0,0.0
-8.383493,0.06743295019157088,0.16666666666666666,0.0
-8.733836,0.06666666666666667,0.0,0.0
-8.026793,0.1368421052631579,0.0,0.0
-9.40846,0.12121212121212122,0.0,0.0
-7.500768,0.0,0.0,0.0
-8.409269,0.1574074074074074,0.0,0.0
-8.733836,0.07625272331154684,0.050314465408805034,0.0
-8.254363,0.06842105263157895,0.0,0.0
-9.40846,0.19393939393939394,0.0,0.0
-7.033255,0.06666666666666667,0.0,0.0
-3.686071,0.08745519713261647,0.0,0.0
-8.383493,0.06743295019157088,0.0,0.0
-8.733836,0.06666666666666667,0.0,0.0
-8.026793,0.1368421052631579,0.0,0.0
-9.40846,0.12121212121212122,0.0,0.0
-7.500768,0.0,0.0,0.0
-8.409269,0.1574074074074074,0.0,0.0
-8.733836,0.07625272331154684,0.0,0.0
-8.254363,0.06842105263157895,0.0,0.0
-9.40846,0.19393939393939394,0.0,0.0
-7.033255,0.06666666666666667,0.0,0.0
-3.686071,0.08745519713261647,0.0,0.0
-8.383493,0.06743295019157088,0.0,0.0
-8.733836,0.06666666666666667,0.0,0.0
-8.026793,0.1368421052631579,0.0,0.0
-9.40846,0.12121212121212122,0.0,0.0
-7.500768,0.0,0.0,0.0
-8.409269,0.1574074074074074,0.0,0.0
-8.733836,0.07625272331154684,0.0,0.0
-8.254363,0.06842105263157895,0.0,0.0
-9.40846,0.19393939393939394,0.0,0.0
-7.033255,0.06666666666666667,0.0,0.0
-3.686071,0.08745519713261647,0.0,0.0
-14.33351,0.05925499231950845,0.16666666666666666,0.0
-14.33351,0.10158730158730159,0.125,0.0
-14.33351,0.10158730158730159,0.0,0.0
-14.33351,0.09090909090909091,0.0,0.0
-13.21763,0.07638888888888888,0.0,0.0
-13.33432,0.08055555555555555,0.0,0.0
-14.33351,0.1116593567251462,0.0,0.0
-12.72306,0.06468253968253967,0.0,0.0
-14.33351,0.06628787878787878,0.0,0.0
-11.73848,0.13522727272727272,0.0,0.0
-8.454035,0.09017832313681869,0.03225806451612903,0.0
-9.611555,0.06825396825396825,0.16666666666666666,0.0
-9.961898,0.1037037037037037,0.0,0.0
-9.254855,0.06666666666666667,0.0,0.0
-10.63652,0.12121212121212122,0.0,0.0
-8.72883,0.0,0.0,0.0
-9.637332,0.07407407407407407,0.0,0.0
-9.961898,0.0787037037037037,0.0365296803652968,0.0
-9.482425,0.03333333333333333,0.0,0.0
-10.63652,0.06060606060606061,0.0,0.0
-8.261318,0.06666666666666667,0.0,0.0
-4.914133,0.06599925843529848,0.0967741935483871,0.0
-9.996297,0.06825396825396825,0.3333333333333333,0.0
-10.34664,0.1037037037037037,0.0,0.0
-9.639597,0.06666666666666667,0.0,0.0
-11.02126,0.12121212121212122,0.0,0.0
-9.113571,0.0,0.0,0.0
-10.02207,0.07407407407407407,0.0,0.0
-10.34664,0.0787037037037037,0.06956521739130435,0.0
-9.867166,0.03333333333333333,0.0,0.0
-11.02126,0.06060606060606061,0.0,0.0
-8.646059,0.06666666666666667,0.0,0.0
-5.298874,0.06599925843529848,0.0,0.0
-10.01934,0.06825396825396825,0.3333333333333333,0.0
-10.36968,0.1037037037037037,0.0,0.0
-9.662642,0.06666666666666667,0.0,0.0
-11.04431,0.12121212121212122,0.0,0.0
-9.136616,0.0,0.0,0.0
-10.04512,0.07407407407407407,0.0,0.0
-6.959647,0.12037037037037036,0.06837606837606838,0.0
-9.890212,0.03333333333333333,0.0,0.0
-11.04431,0.06060606060606061,0.0,0.0
-8.669104,0.06666666666666667,0.0,0.0
-5.321919,0.06599925843529848,0.0,0.0
-10.05426,0.06825396825396825,0.3333333333333333,0.0
-10.4046,0.1037037037037037,0.0,0.0
-9.697557,0.06666666666666667,0.0,0.0
-11.07922,0.12121212121212122,0.0,0.0
-9.171532,0.0,0.0,0.0
-10.08003,0.07407407407407407,0.0,0.0
-10.4046,0.0787037037037037,0.06722689075630252,0.0
-9.925127,0.03333333333333333,0.0,0.0
-11.07922,0.06060606060606061,0.0,0.0
-8.704019,0.06666666666666667,0.0,0.0
-5.356835,0.06599925843529848,0.0,0.0
-8.383493,0.06743295019157088,0.16666666666666666,0.0
-8.733836,0.06666666666666667,0.0,0.0
-8.026793,0.1368421052631579,0.0,0.0
-9.40846,0.12121212121212122,0.0,0.0
-7.500768,0.0,0.0,0.0
-8.409269,0.1574074074074074,0.0,0.0
-8.733836,0.07625272331154684,0.03305785123966942,0.0
-8.254363,0.06842105263157895,0.0,0.0
-9.40846,0.19393939393939394,0.0,0.0
-7.033255,0.06666666666666667,0.0,0.0
-3.686071,0.08745519713261647,0.0,0.0
-13.01313,0.05476190476190476,0.0,0.0
-13.01313,0.07,0.08333333333333333,0.0
-13.01313,0.07,0.0,0.0
-13.01313,0.1377840909090909,0.0,0.0
-11.89725,0.03125,0.0,0.0
-12.01394,0.09126984126984126,0.0,0.0
-13.01313,0.049516908212560384,0.0,0.0
-11.40268,0.055,0.0,0.0
-13.01313,0.061079545454545456,0.0,0.0
-10.4181,0.1,0.0,0.0
-7.010004,0.05309139784946236,0.0,0.0
-12.69893,0.04895833333333333,0.0,0.0
-12.69893,0.09545454545454546,0.0,0.0
-12.69893,0.08409090909090909,0.0,0.0
-12.69893,0.11013986013986014,0.0,0.0
-11.58304,0.019230769230769232,0.0,0.0
-11.69974,0.07828282828282829,0.0,0.0
-12.69893,0.07777777777777778,0.0,0.0
-11.08848,0.04772727272727273,0.0,0.0
-12.69893,0.10314685314685315,0.0,0.0
-10.1039,0.07083333333333333,0.0,0.0
-6.695801,0.06256109481915934,0.0,0.0
-10.42764,0.14970760233918126,0.0,0.0
-10.77798,0.1619047619047619,0.12,0.0
-10.07094,0.18571428571428572,0.0,0.0
-11.45261,0.19138755980861244,0.0,0.0
-9.544915,0.03508771929824561,0.0,0.0
-10.45342,0.15250544662309368,0.0,0.0
-10.77798,0.1396011396011396,0.0,0.0
-10.29851,0.1523809523809524,0.0,0.0
-11.45261,0.13078149920255183,0.0,0.0
-9.077402,0.14074074074074075,0.0,0.0
-5.730218,0.1284808381582575,0.1935483870967742,0.0
-10.16894,0.12196382428940568,0.0,0.0
-10.51928,0.14747474747474748,0.04,0.0
-9.812241,0.14747474747474748,0.0,0.0
-11.19391,0.17676767676767677,0.0,0.0
-9.286215,0.05555555555555555,0.0,0.0
-10.19472,0.13468013468013468,0.0,0.0
-10.51928,0.12305854241338111,0.0,0.0
-10.03981,0.13434343434343435,0.0,0.0
-11.19391,0.14393939393939395,0.0,0.0
-8.818703,0.09565217391304348,0.0,0.0
-5.471518,0.13391984359726294,0.03225806451612903,0.0
-9.75085,0.08888888888888889,0.0,0.0
-10.10119,0.10000000000000002,0.0,0.0
-9.39415,0.06666666666666667,0.0,0.0
-10.77582,0.1818181818181818,0.0,0.0
-8.868124,0.06060606060606061,0.0,0.0
-9.776626,0.07407407407407407,0.0,0.0
-10.10119,0.07407407407407407,0.0,0.0
-9.621719,0.10000000000000002,0.0,0.0
-10.77582,0.06060606060606061,0.0,0.0
-8.400612,0.13333333333333333,0.0,0.0
-5.053427,0.06451612903225806,0.0,0.0
-9.809538,0.06666666666666667,0.0,0.0
-10.15988,0.13333333333333333,0.04,0.0
-9.452838,0.13333333333333333,0.0,0.0
-10.8345,0.12121212121212122,0.0,0.0
-8.926813,0.06060606060606061,0.0,0.0
-9.835314,0.14814814814814814,0.0,0.0
-10.15988,0.14814814814814814,0.0,0.0
-9.680408,0.06666666666666667,0.0,0.0
-10.8345,0.12121212121212122,0.0,0.0
-8.4593,0.13333333333333333,0.0,0.0
-5.112116,0.10752688172043011,0.03225806451612903,0.0
-10.16894,0.13140096618357489,0.0,0.0
-10.51928,0.14074074074074075,0.0,0.0
-9.812241,0.17777777777777778,0.0,0.0
-11.19391,0.17059483726150393,0.0,0.0
-9.286215,0.04938271604938271,0.0,0.0
-10.19472,0.1274074074074074,0.0,0.0
-10.51928,0.15468409586056645,0.0,0.0
-10.03981,0.1259259259259259,0.0,0.0
-11.19391,0.13468013468013468,0.0,0.0
-8.818703,0.11794871794871796,0.0,0.0
-5.471518,0.142301532830016,0.0,0.0
-9.75085,0.08888888888888889,0.0,0.0
-10.10119,0.10000000000000002,0.0,0.0
-9.39415,0.06666666666666667,0.0,0.0
-10.77582,0.1818181818181818,0.0,0.0
-8.868124,0.06060606060606061,0.0,0.0
-9.776626,0.07407407407407407,0.0,0.0
-10.10119,0.07407407407407407,0.0,0.0
-9.621719,0.10000000000000002,0.0,0.0
-10.77582,0.06060606060606061,0.0,0.0
-8.400612,0.13333333333333333,0.0,0.0
-5.053427,0.06451612903225806,0.0,0.0
-9.921445,0.14814814814814814,0.0,0.0
-10.27179,0.14285714285714288,0.0,0.0
-9.564745,0.14285714285714288,0.0,0.0
-10.94641,0.22377622377622378,0.0,0.0
-9.03872,0.025641025641025644,0.0,0.0
-9.947221,0.1574074074074074,0.0,0.0
-10.27179,0.11784511784511785,0.0,0.0
-9.792315,0.12857142857142856,0.0,0.0
-10.94641,0.16317016317016317,0.0,0.0
-8.571207,0.12,0.0,0.0
-5.224023,0.14446002805049088,0.0,0.0
-13.62049,0.07391774891774891,0.0,0.0
-13.62049,0.09951690821256039,0.0,0.0
-13.62049,0.09951690821256039,0.0,0.0
-13.62049,0.10876623376623376,0.0,0.0
-12.50461,0.09126984126984126,0.0,0.0
-12.6213,0.07638888888888888,0.0,0.0
-13.62049,0.07093253968253968,0.0,0.0
-12.01004,0.07451690821256038,0.0,0.0
-13.62049,0.08116883116883117,0.0,0.0
-11.02546,0.13173076923076923,0.0,0.0
-7.741016,0.09615258784270103,0.0,0.0
-12.38357,0.06363636363636363,0.0,0.0
-12.38357,0.09347826086956522,0.0,0.0
-12.38357,0.08260869565217391,0.0,0.0
-12.38357,0.1444805194805195,0.0,0.0
-11.26769,0.017857142857142856,0.0,0.0
-11.38438,0.07638888888888888,0.0,0.0
-12.38357,0.06349206349206349,0.008379888268156424,0.0
-10.77313,0.057608695652173914,0.0,0.0
-12.38357,0.06331168831168832,0.0,0.0
-9.788546,0.1076923076923077,0.0,0.0
-6.380449,0.0543168880455408,0.0,0.0
-13.17219,0.058333333333333334,0.0,0.0
-13.17219,0.07500000000000001,0.0,0.0
-13.17219,0.0625,0.0,0.0
-13.17219,0.13636363636363635,0.0,0.0
-12.05631,0.022727272727272728,0.0,0.0
-12.173,0.1111111111111111,0.0,0.0
-13.17219,0.041666666666666664,0.0,0.0
-11.56174,0.07500000000000001,0.0,0.0
-13.17219,0.06818181818181818,0.0,0.0
-10.57716,0.07500000000000001,0.0,0.0
-7.169066,0.056451612903225805,0.0,0.0
-12.08934,0.07619047619047618,0.3333333333333333,0.0
-12.08934,0.10666666666666667,0.07407407407407407,0.0
-12.08934,0.08,0.0,0.0
-12.08934,0.08333333333333333,0.0,0.0
-11.33862,0.041666666666666664,0.0,0.0
-11.09015,0.0,0.0,0.0
-12.08934,0.08695652173913043,0.0027472527472527475,0.0
-11.39446,0.08,0.0,0.0
-12.08934,0.08333333333333333,0.0,0.0
-9.714134,0.044444444444444446,0.0,0.0
-6.086214,0.07407407407407407,0.3548387096774194,0.0
-11.4683,0.0925925925925926,0.0,0.0
-11.4683,0.10256410256410257,0.0,0.0
-11.4683,0.10256410256410257,0.0,0.0
-11.4683,0.0392156862745098,0.0,0.0
-10.71758,0.1568627450980392,0.0,0.0
-10.46911,0.044444444444444446,0.0,0.0
-11.4683,0.16666666666666666,0.0,0.0
-10.77342,0.07692307692307693,0.0,0.0
-11.4683,0.0784313725490196,0.0,0.0
-9.093094,0.125,0.0,0.0
-5.465174,0.10810810810810811,0.0,0.0
-11.84166,0.041666666666666664,0.0,0.0
-11.84166,0.06060606060606061,0.0,0.0
-11.84166,0.0909090909090909,0.0,0.0
-11.84166,0.05128205128205129,0.0,0.0
-11.09094,0.05128205128205129,0.0,0.0
-10.84247,0.06060606060606061,0.0,0.0
-11.84166,0.09999999999999999,0.0026954177897574125,0.0
-11.14678,0.0909090909090909,0.0,0.0
-11.84166,0.10256410256410257,0.0,0.0
-9.466457,0.05555555555555555,0.0,0.0
-5.838537,0.06060606060606061,0.7419354838709677,0.0
-9.897201,0.0861111111111111,0.16666666666666666,0.0
-10.24754,0.1272727272727273,0.037037037037037035,0.0
-9.540501,0.15757575757575756,0.0,0.0
-10.92217,0.1724941724941725,0.0,0.0
-9.014475,0.05128205128205129,0.0,0.0
-9.922977,0.13468013468013468,0.0,0.0
-10.24754,0.13703703703703704,0.008086253369272238,0.0
-9.76807,0.12424242424242422,0.0,0.0
-10.92217,0.16317016317016317,0.0,0.0
-8.546963,0.12222222222222223,0.0,0.0
-5.199778,0.10361681329423265,0.21212121212121213,0.0
-19.42292,0.0,0.0,0.0
-19.42292,0.0,0.3333333333333333,0.0
-19.42292,0.0,0.0,0.0
-19.42292,0.0,0.0,0.0
-18.39832,0.0,0.0,0.0
-18.30392,0.0,0.0,0.0
-19.42292,0.0,0.0158311345646438,0.0
-18.43498,0.0,0.0,0.0
-19.42292,0.0,0.0,0.0
-16.92628,0.0,0.2222222222222222,0.0
-13.54581,0.0,0.029411764705882353,0.0
-13.2635,0.05057471264367816,0.0,0.0
-13.2635,0.07631578947368421,0.0,0.0
-13.2635,0.06315789473684211,0.0,0.0
-13.2635,0.1159090909090909,0.0,0.0
-12.14762,0.05,0.0,0.0
-12.26431,0.05555555555555555,0.0,0.0
-13.2635,0.042483660130718956,0.0,0.0
-11.65305,0.05131578947368421,0.0,0.0
-13.2635,0.045454545454545456,0.0,0.0
-10.66847,0.07777777777777778,0.0,0.0
-7.260377,0.05725806451612903,0.0,0.0
-12.83117,0.04195402298850574,0.0,0.0
-12.83117,0.06315789473684211,0.0,0.0
-12.83117,0.06315789473684211,0.0,0.0
-12.83117,0.1159090909090909,0.0,0.0
-11.71529,0.025,0.0,0.0
-11.83198,0.05555555555555555,0.0,0.0
-12.83117,0.027777777777777776,0.0,0.0
-11.22072,0.038157894736842106,0.0,0.0
-12.83117,0.09545454545454546,0.0,0.0
-10.23614,0.07777777777777778,0.0,0.0
-6.828044,0.04059139784946236,0.0,0.0
-23.41572,0.07619047619047618,0.0,0.0
-23.41572,0.10666666666666667,0.4444444444444444,0.0
-23.41572,0.08,0.0,0.0
-23.41572,0.08333333333333333,0.0,0.0
-22.665,0.08333333333333333,0.0,0.0
-22.41653,0.047619047619047616,0.0,0.0
-23.41572,0.057971014492753624,0.023076923076923078,0.0
-22.72084,0.10666666666666667,0.0,0.0
-23.41572,0.08333333333333333,0.0,0.0
-21.04051,0.044444444444444446,0.3333333333333333,0.0
-18.463,0.0925925925925926,0.0,0.0
-10.4709,0.17777777777777778,0.0,0.0
-10.82124,0.20000000000000004,0.2962962962962963,0.0
-10.1142,0.15555555555555556,0.0,0.0
-11.49586,0.1847041847041847,0.0,0.0
-9.588172,0.06349206349206349,0.0,0.0
-10.49667,0.1442495126705653,0.0,0.0
-10.82124,0.15608465608465608,0.015228426395939087,0.0
-10.34177,0.16666666666666666,0.0,0.0
-11.49586,0.1240981240981241,0.0,0.0
-9.120659,0.13333333333333333,0.2222222222222222,0.0
-5.773475,0.2056123787044322,0.0,0.0
-10.4709,0.14444444444444446,0.0,0.0
-10.82124,0.22222222222222224,0.2962962962962963,0.0
-10.1142,0.15555555555555556,0.0,0.0
-11.49586,0.21645021645021645,0.0,0.0
-9.588172,0.06349206349206349,0.0,0.0
-10.49667,0.1442495126705653,0.0,0.0
-10.82124,0.13227513227513227,0.015189873417721518,0.0
-10.34177,0.16666666666666666,0.0,0.0
-11.49586,0.1240981240981241,0.0,0.0
-9.120659,0.10000000000000002,0.2222222222222222,0.0
-5.773475,0.17309205350118018,0.0,0.0
-12.69291,0.06538461538461537,0.0,0.0
-12.69291,0.08448275862068966,0.0,0.0
-12.69291,0.08448275862068966,0.0,0.0
-12.69291,0.1159090909090909,0.0,0.0
-11.57703,0.0125,0.0,0.0
-11.69372,0.09722222222222221,0.0,0.0
-12.69291,0.05555555555555555,0.0,0.0
-11.08246,0.050862068965517246,0.0,0.0
-12.69291,0.07045454545454546,0.0,0.0
-10.09788,0.07631578947368421,0.0,0.0
-6.689784,0.06975806451612904,0.0,0.0
-12.56689,0.06805555555555556,0.0,0.0
-12.56689,0.07884615384615384,0.0,0.0
-12.56689,0.07884615384615384,0.0,0.0
-12.56689,0.10561497326203209,0.0,0.0
-11.451,0.014705882352941176,0.0,0.0
-11.5677,0.07222222222222222,0.0,0.0
-12.56689,0.10069444444444445,0.0,0.0
-10.95644,0.06346153846153846,0.0,0.0
-12.56689,0.060160427807486636,0.0,0.0
-9.971859,0.08125,0.0,0.0
-6.563762,0.06604184829991282,0.0,0.0
-13.30311,0.06111111111111111,0.0,0.0
-13.30311,0.08846153846153847,0.0,0.0
-13.30311,0.08846153846153847,0.0,0.0
-13.30311,0.10561497326203209,0.0,0.0
-12.18723,0.014705882352941176,0.0,0.0
-12.30392,0.07222222222222222,0.0,0.0
-13.30311,0.10069444444444445,0.0,0.0
-11.69267,0.06346153846153846,0.0,0.0
-13.30311,0.0748663101604278,0.0,0.0
-10.70809,0.08125,0.1111111111111111,0.0
-7.299989,0.06604184829991282,0.0,0.0
-8.163731,0.0,0.0,0.0
-8.163731,0.0,0.0,0.0
-7.850764,0.0,0.0,0.0
-7.670765,0.0,0.0,0.0
-6.522158,0.0,0.0,0.0
-6.591516,0.0,0.0,0.0
-8.163731,0.0,0.009029345372460496,0.0
-7.368779,0.0,0.0,0.0
-8.163731,0.0,0.0,0.0
-5.60901,0.0,0.0,0.0
-2.160606,0.0,0.0,0.0
-11.92391,0.06060606060606061,0.0,0.0
-11.92391,0.08695652173913043,0.034482758620689655,0.0
-11.92391,0.08695652173913043,0.0,0.0
-11.92391,0.047619047619047616,0.0,0.0
-11.17319,0.0,0.0,0.0
-10.92472,0.05555555555555555,0.0,0.0
-11.92391,0.12698412698412698,0.009029345372460496,0.0
-11.22903,0.11594202898550725,0.0,0.0
-11.92391,0.047619047619047616,0.0,0.0
-9.548708,0.05128205128205129,0.0,0.0
-5.920788,0.0784313725490196,0.025,0.0
-8.985757,0.09042145593869733,0.5,0.0
-9.3361,0.10175438596491228,0.3448275862068966,0.0
-8.629057,0.10175438596491228,0.0,0.0
-10.01072,0.1878787878787879,0.0,0.0
-8.103032,0.06666666666666667,0.0,0.0
-9.011533,0.1574074074074074,0.0,0.0
-9.3361,0.07625272331154684,0.015730337078651686,0.0
-8.856627,0.06842105263157895,0.0,0.0
-10.01072,0.1272727272727273,0.0,0.0
-7.635519,0.06666666666666667,0.2222222222222222,0.0
-4.288335,0.08745519713261647,0.375,0.0
-10.56449,0.16209150326797386,0.3333333333333333,0.0
-10.91483,0.15,0.06896551724137931,0.0
-10.20779,0.15,0.0,0.0
-11.58945,0.16565656565656564,0.0,0.0
-9.681761,0.044444444444444446,0.0,0.0
-10.59026,0.12535612535612536,0.0,0.0
-10.91483,0.12794612794612795,0.0022371364653243847,0.0
-10.43536,0.11666666666666665,0.0,0.0
-11.58945,0.10505050505050506,0.0,0.0
-9.214249,0.11428571428571428,0.0,0.0
-5.867064,0.13824884792626727,0.2,0.0
-11.26265,0.0900900900900901,0.0,0.0
-11.26265,0.12345679012345678,0.0,0.0
-11.26265,0.07407407407407407,0.0,0.0
-11.26265,0.07407407407407407,0.0,0.0
-10.51193,0.07407407407407407,0.0,0.0
-10.26346,0.08333333333333333,0.0,0.0
-11.26265,0.08,0.013303769401330377,0.0
-10.56777,0.14814814814814814,0.0,0.0
-11.26265,0.07407407407407407,0.0,0.0
-8.887448,0.0392156862745098,0.0,0.0
-5.259528,0.07017543859649122,0.0,0.0
-12.10866,0.0900900900900901,0.0,0.0
-12.10866,0.12345679012345678,0.0,0.0
-12.10866,0.07407407407407407,0.0,0.0
-12.10866,0.07407407407407407,0.0,0.0
-11.35794,0.07407407407407407,0.0,0.0
-11.10947,0.08333333333333333,0.0,0.0
-12.10866,0.08,0.013303769401330377,0.0
-11.41378,0.14814814814814814,0.0,0.0
-12.10866,0.07407407407407407,0.0,0.0
-9.733458,0.0392156862745098,0.0,0.0
-6.175718,0.07017543859649122,0.0,0.0
-15.30039,0.14545454545454548,0.0,0.0
-15.65073,0.1536231884057971,0.13793103448275862,0.0
-15.21946,0.1246376811594203,0.0,0.0
-16.32536,0.16883116883116886,0.0,0.0
-14.94033,0.0,0.0,0.0
-15.32617,0.1851851851851852,0.0,0.0
-15.65073,0.10052910052910052,0.017738359201773836,0.0
-15.28623,0.09130434782608694,0.0,0.0
-16.32536,0.15584415584415584,0.0,0.0
-13.95015,0.06666666666666667,0.1111111111111111,0.0
-11.32977,0.08222643896268185,0.0,0.0
-24.42197,0.10101010101010101,0.0,0.0
-24.42197,0.08695652173913043,0.13793103448275862,0.0
-24.42197,0.057971014492753624,0.0,0.0
-24.42197,0.047619047619047616,0.0,0.0
-23.67125,0.0,0.0,0.0
-23.42278,0.1111111111111111,0.0,0.0
-24.42197,0.06349206349206349,0.017582417582417582,0.0
-23.72709,0.057971014492753624,0.0,0.0
-24.42197,0.09523809523809523,0.0,0.0
-22.04677,0.0,0.1111111111111111,0.0
-19.53757,0.0392156862745098,0.0,0.0
-9.797645,0.14545454545454548,0.0,0.0
-10.14799,0.1536231884057971,0.0,0.0
-9.440945,0.1246376811594203,0.0,0.0
-10.82261,0.16883116883116886,0.0,0.0
-8.91492,0.0,0.0,0.0
-9.823421,0.1851851851851852,0.0,0.0
-10.14799,0.10052910052910052,0.0,0.0
-9.668515,0.09130434782608694,0.0,0.0
-10.82261,0.15584415584415584,0.0,0.0
-8.447407,0.06666666666666667,0.0,0.0
-5.100223,0.08222643896268185,0.0,0.0
-9.921445,0.14814814814814814,0.0,0.0
-10.27179,0.14285714285714288,0.0,0.0
-9.564745,0.14285714285714288,0.0,0.0
-10.94641,0.22377622377622378,0.0,0.0
-9.03872,0.025641025641025644,0.0,0.0
-9.947221,0.1574074074074074,0.0,0.0
-10.27179,0.11784511784511785,0.0,0.0
-9.792315,0.12857142857142856,0.0,0.0
-10.94641,0.16317016317016317,0.0,0.0
-8.571207,0.12,0.0,0.0
-5.224023,0.14446002805049088,0.07317073170731707,0.0
-9.921445,0.11851851851851851,0.0,0.0
-10.27179,0.11794871794871796,0.0,0.0
-9.564745,0.11794871794871796,0.0,0.0
-10.94641,0.16042780748663102,0.0,0.0
-9.03872,0.11764705882352942,0.0,0.0
-9.947221,0.11851851851851851,0.0,0.0
-10.27179,0.0925925925925926,0.0,0.0
-9.792315,0.0846153846153846,0.0,0.0
-10.94641,0.17825311942959002,0.0,0.0
-8.571207,0.10833333333333334,0.0,0.0
-5.224023,0.11508282476024412,0.0,0.0
-9.921445,0.12063492063492064,0.0,0.0
-10.27179,0.12,0.0,0.0
-9.564745,0.14666666666666667,0.0,0.0
-10.94641,0.16287878787878787,0.0,0.0
-9.03872,0.041666666666666664,0.0,0.0
-9.947221,0.1693121693121693,0.0,0.0
-10.27179,0.09500805152979065,0.0,0.0
-9.792315,0.11333333333333333,0.0,0.0
-10.94641,0.18560606060606064,0.0,0.0
-8.571207,0.15555555555555556,0.0,0.0
-5.224023,0.13560334528076465,0.0,0.0
-9.783916,0.11461988304093566,0.0,0.0
-10.13426,0.13809523809523808,0.0,0.0
-9.427216,0.11428571428571428,0.0,0.0
-10.80888,0.22647527910685805,0.0,0.0
-8.90119,0.07017543859649122,0.0,0.0
-9.809692,0.11328976034858389,0.0,0.0
-10.13426,0.08831908831908832,0.0,0.0
-9.654785,0.10476190476190476,0.0,0.0
-10.80888,0.16586921850079744,0.0,0.0
-8.433678,0.1037037037037037,0.0,0.0
-5.086493,0.11138682106424042,0.0,0.0
-14.50256,0.19414575866188769,0.0,0.0
-14.50256,0.19169719169719168,0.0,0.0
-14.50256,0.22954822954822954,0.0,0.0
-14.50256,0.0784313725490196,0.0,0.0
-13.75184,0.09477124183006536,0.0,0.0
-13.50337,0.3333333333333333,0.0,0.0
-14.50256,0.18859649122807018,0.0,0.0
-13.80768,0.22344322344322345,0.0,0.0
-14.50256,0.1895424836601307,0.0,0.0
-12.12736,0.14393939393939395,0.0,0.0
-8.999721,0.19144144144144146,0.0,0.0
-10.22454,0.1,0.0,0.0
-10.22454,0.1,0.0,0.0
-9.911574,0.1,0.0,0.0
-9.731576,0.09090909090909091,0.0,0.0
-8.582969,0.09090909090909091,0.0,0.0
-8.652327,0.1111111111111111,0.0,0.0
-10.22454,0.1111111111111111,0.02127659574468085,0.0
-9.429589,0.1,0.0,0.0
-10.22454,0.0,0.0,0.0
-5.446832,0.1,0.2857142857142857,0.0
-4.710128,0.06451612903225806,0.0,0.0
-12.62959,0.047619047619047616,0.0,0.0
-12.62959,0.037037037037037035,0.03636363636363636,0.0
-12.62959,0.037037037037037035,0.12121212121212122,0.0
-12.62959,0.07407407407407407,0.0,0.0
-11.87887,0.07407407407407407,0.0,0.0
-11.6304,0.0,0.0,0.0
-12.62959,0.041666666666666664,0.10638297872340426,0.0
-11.93471,0.07407407407407407,0.0,0.0
-9.71993,0.06666666666666667,0.0,0.0
-9.344584,0.08333333333333333,0.25,0.0
-6.438157,0.022988505747126436,0.0898876404494382,0.0
-12.62959,0.047619047619047616,0.0,0.0
-12.62959,0.037037037037037035,0.03636363636363636,0.0
-12.62959,0.037037037037037035,0.12121212121212122,0.0
-12.62959,0.07407407407407407,0.0,0.0
-11.87887,0.07407407407407407,0.0,0.0
-11.6304,0.0,0.0,0.0
-12.62959,0.041666666666666664,0.10638297872340426,0.0
-11.93471,0.07407407407407407,0.0,0.0
-9.71993,0.06666666666666667,0.0,0.0
-9.344584,0.08333333333333333,0.25,0.0
-6.438157,0.022988505747126436,0.0898876404494382,0.0
-11.63995,0.11428571428571428,0.0,0.0
-11.63995,0.13703703703703704,0.0,0.0
-11.63995,0.07037037037037037,0.0,0.0
-11.63995,0.19528619528619529,0.0,0.0
-10.88923,0.19528619528619529,0.0,0.0
-10.64076,0.0,0.0,0.0
-11.63995,0.0787037037037037,0.0,0.0
-10.94507,0.17407407407407405,0.0,0.0
-8.730296,0.06060606060606061,0.0,0.0
-8.35495,0.21666666666666667,0.0,0.0
-5.448523,0.08750463477938449,0.0,0.0
-15.28251,0.07142857142857142,0.01639344262295082,0.0
-15.28251,0.05555555555555555,0.18181818181818182,0.0
-15.28251,0.05555555555555555,0.0,0.0
-15.28251,0.1111111111111111,0.0,0.0
-14.25791,0.1111111111111111,0.0,0.0
-14.16351,0.0,0.0,0.0
-15.28251,0.0625,0.2222222222222222,0.0
-14.29457,0.1111111111111111,0.0,0.0
-11.96004,0.0,0.0,0.0
-11.48261,0.125,0.0,0.0
-9.217093,0.034482758620689655,0.056179775280898875,0.0
-10.7794,0.09375,0.0,0.0
-10.7794,0.13636363636363635,0.0,0.0
-10.46643,0.09090909090909091,0.0,0.0
-10.28643,0.07692307692307693,0.0,0.0
-9.137828,0.0,0.0,0.0
-9.207186,0.18181818181818182,0.0,0.0
-10.7794,0.1,0.021739130434782608,0.0
-9.984448,0.13636363636363635,0.0,0.0
-10.7794,0.15384615384615385,0.0,0.0
-6.565937,0.08333333333333333,0.0,0.0
-5.908792,0.06060606060606061,0.0,0.0
-10.7794,0.12121212121212122,0.0,0.0
-10.7794,0.21739130434782608,0.07272727272727272,0.0
-10.46643,0.13043478260869565,0.0,0.0
-10.28643,0.07142857142857142,0.0,0.0
-9.137828,0.0,0.0,0.0
-9.207186,0.16666666666666666,0.0,0.0
-10.7794,0.14285714285714285,0.010810810810810811,0.0
-9.984448,0.13043478260869565,0.0,0.0
-10.7794,0.07142857142857142,0.0,0.0
-6.565937,0.07692307692307693,0.0,0.0
-5.908792,0.14705882352941177,0.056179775280898875,0.0
-10.65909,0.17647058823529413,0.0,0.0
-10.65909,0.16666666666666666,0.0,0.0
-10.34613,0.08333333333333333,0.0,0.0
-10.16613,0.13333333333333333,0.0,0.0
-9.017521,0.06666666666666667,0.0,0.0
-9.08688,0.15384615384615385,0.0,0.0
-10.65909,0.13636363636363635,0.0,0.0
-9.864142,0.125,0.0,0.0
-10.65909,0.13333333333333333,0.0,0.0
-6.140544,0.14285714285714285,0.0,0.0
-5.533555,0.11428571428571428,0.0,0.0
-11.12011,0.11213517665130568,0.0,0.0
-11.12011,0.10052910052910052,0.0,0.0
-11.12011,0.10052910052910052,0.0,0.0
-11.12011,0.12962962962962962,0.0,0.0
-10.36939,0.07407407407407407,0.0,0.0
-10.12092,0.13333333333333333,0.0,0.0
-11.12011,0.07675438596491228,0.010526315789473684,0.0
-10.42523,0.1693121693121693,0.0,0.0
-8.210449,0.1111111111111111,0.0,0.0
-7.835103,0.14393939393939395,0.0,0.0
-4.928676,0.06465517241379311,0.0,0.0
-12.05189,0.12380952380952381,0.03278688524590164,0.0
-12.05189,0.1437037037037037,0.10526315789473684,0.0
-12.05189,0.11703703703703704,0.0,0.0
-12.05189,0.1574074074074074,0.0,0.0
-11.30116,0.19907407407407407,0.0,0.0
-11.0527,0.047619047619047616,0.0,0.0
-12.05189,0.1865942028985507,0.05128205128205128,0.0
-11.35701,0.15407407407407406,0.25,0.0
-9.142228,0.041666666666666664,0.0,0.0
-8.766882,0.21666666666666667,0.0,0.0
-5.860455,0.11558109833971904,0.20224719101123595,0.0
-11.41395,0.12842712842712842,0.0,0.0
-11.41395,0.15297906602254427,0.13043478260869565,0.0
-11.41395,0.09500805152979065,0.2,0.0
-11.41395,0.1693121693121693,0.0,0.0
-10.66323,0.1693121693121693,0.0,0.0
-10.41476,0.1111111111111111,0.0,0.0
-11.41395,0.10515873015873016,0.2138364779874214,0.0
-10.71907,0.1900161030595813,0.0,0.0
-8.504296,0.047619047619047616,0.0,0.0
-8.12895,0.1858974358974359,0.0,0.0
-5.222524,0.12102772143340094,0.5,0.0
-9.12694,0.0863095238095238,0.0,0.0
-9.12694,0.04882154882154882,0.0,0.0
-8.813972,0.10942760942760943,0.1,0.0
-8.633974,0.08831908831908832,0.0,0.0
-7.485367,0.1396011396011396,0.0,0.0
-7.554725,0.06060606060606061,0.0,0.0
-9.12694,0.12083333333333333,0.054878048780487805,0.0
-8.331988,0.15824915824915825,0.0,0.0
-9.12694,0.10256410256410257,0.0,0.0
-6.572218,0.20833333333333334,0.0,0.0
-3.2186,0.11250435388366424,0.0,0.0
-11.41395,0.12842712842712842,0.0,0.0
-11.41395,0.15297906602254427,0.0,0.0
-11.41395,0.09500805152979065,0.0,0.0
-11.41395,0.1693121693121693,0.0,0.0
-10.66323,0.1693121693121693,0.0,0.0
-10.41476,0.1111111111111111,0.0,0.0
-11.41395,0.10515873015873016,0.023529411764705882,0.0
-10.71907,0.1900161030595813,0.0,0.0
-8.504296,0.047619047619047616,0.0,0.0
-8.12895,0.1858974358974359,0.0,0.0
-5.222524,0.12102772143340094,0.0,0.0
-12.62959,0.16727716727716727,0.0,0.0
-12.62959,0.17496807151979565,0.0,0.0
-12.62959,0.12899106002554278,0.0,0.0
-12.62959,0.14074074074074075,0.0,0.0
-11.87887,0.14074074074074075,0.0,0.0
-11.6304,0.07407407407407407,0.0,0.0
-12.62959,0.16512345679012344,0.028409090909090908,0.0
-11.93471,0.18901660280970625,0.0,0.0
-9.71993,0.06666666666666667,0.0,0.0
-9.344584,0.15350877192982457,0.14285714285714285,0.0
-6.438157,0.18965517241379312,0.05,0.0
-12.62959,0.1330891330891331,0.0,0.0
-12.62959,0.1979565772669221,0.0,0.0
-12.62959,0.12899106002554278,0.0,0.0
-12.62959,0.17407407407407405,0.0,0.0
-11.87887,0.14074074074074075,0.0,0.0
-11.6304,0.07407407407407407,0.0,0.0
-12.62959,0.14043209876543208,0.06179775280898876,0.0
-11.93471,0.18901660280970625,0.0,0.0
-9.71993,0.06666666666666667,0.0,0.0
-9.344584,0.11842105263157894,0.14285714285714285,0.0
-6.438157,0.1563218390804598,0.2,0.0
-12.62959,0.15572715572715573,0.0,0.0
-12.62959,0.1851851851851852,0.0,0.0
-12.62959,0.13580246913580246,0.0,0.0
-12.62959,0.1851851851851852,0.0,0.0
-11.87887,0.14814814814814814,0.0,0.0
-11.6304,0.08333333333333333,0.0,0.0
-12.62959,0.14833333333333334,0.036458333333333336,0.0
-11.93471,0.19753086419753085,0.0,0.0
-9.71993,0.037037037037037035,0.0,0.0
-9.344584,0.16176470588235295,0.0,0.0
-6.438157,0.14579552329098608,0.0,0.0
-10.46425,0.07231040564373897,0.0,0.0
-10.46425,0.07625272331154684,0.041666666666666664,0.0
-10.46425,0.037037037037037035,0.0,0.0
-10.46425,0.1574074074074074,0.0,0.0
-9.713523,0.1574074074074074,0.0,0.0
-9.465055,0.0,0.0,0.0
-10.46425,0.041666666666666664,0.035897435897435895,0.0
-9.769365,0.11328976034858389,0.0,0.0
-7.554587,0.0,0.0,0.0
-5.782415,0.08333333333333333,0.2857142857142857,0.0
-4.272814,0.046798029556650245,0.25,0.0
-13.0677,0.11478144811478146,0.0,0.0
-13.0677,0.09876543209876543,0.0,0.0
-13.0677,0.07407407407407407,0.0,0.0
-13.0677,0.1111111111111111,0.0,0.0
-12.31698,0.07407407407407407,0.0,0.0
-12.06851,0.08333333333333333,0.0,0.0
-13.0677,0.08,0.020512820512820513,0.0
-12.37282,0.12345679012345678,0.0,0.0
-13.0677,0.07407407407407407,0.0,0.0
-9.898886,0.0784313725490196,0.0,0.0
-7.680641,0.10526315789473684,0.05,0.0
-12.84677,0.13580246913580246,0.0,0.0
-12.84677,0.11613876319758672,0.0,0.0
-12.84677,0.10256410256410257,0.0,0.0
-12.84677,0.0392156862745098,0.0,0.0
-12.09604,0.0,0.0,0.0
-11.84757,0.08888888888888889,0.0,0.0
-12.84677,0.18333333333333335,0.20918367346938777,0.0
-12.15189,0.12820512820512822,0.0,0.0
-12.84677,0.0784313725490196,0.0,0.0
-9.679832,0.041666666666666664,0.14285714285714285,0.0
-6.973589,0.13191763191763192,0.0,0.0
-12.30357,0.11213517665130568,0.0,0.0
-12.30357,0.06878306878306878,0.0,0.0
-12.30357,0.06878306878306878,0.0,0.0
-12.30357,0.12962962962962962,0.0,0.0
-11.55285,0.12962962962962962,0.0,0.0
-11.30438,0.0,0.0,0.0
-12.30357,0.041666666666666664,0.03535353535353535,0.0
-11.60869,0.13756613756613756,0.0,0.0
-9.393911,0.05555555555555555,0.0,0.0
-9.018564,0.14393939393939395,0.0,0.0
-6.112138,0.06465517241379311,0.05,0.0
-13.04181,0.19607843137254902,0.0,0.0
-13.04181,0.16666666666666666,0.0,0.0
-13.04181,0.16666666666666666,0.0,0.0
-13.04181,0.26666666666666666,0.0,0.0
-12.29109,0.17777777777777778,0.0,0.0
-12.04262,0.0,0.0,0.0
-13.04181,0.06060606060606061,0.0,0.0
-12.34693,0.2222222222222222,0.0,0.0
-13.04181,0.17777777777777778,0.0,0.0
-10.66661,0.09523809523809523,0.0,0.0
-7.468978,0.07619047619047618,0.0,0.0
-10.24359,0.10130568356374808,0.0,0.0
-10.24359,0.11306878306878307,0.0,0.0
-9.930626,0.11306878306878307,0.0,0.0
-9.750628,0.10185185185185185,0.0,0.0
-8.60202,0.08101851851851852,0.0,0.0
-8.671379,0.12142857142857143,0.0,0.0
-10.24359,0.08021071700991608,0.0,0.0
-9.448641,0.13423280423280423,0.0,0.0
-10.24359,0.05208333333333333,0.0,0.0
-7.688872,0.11022727272727273,0.0,0.0
-4.199512,0.09862907088122605,0.0,0.0
-11.57738,0.14565826330532214,0.0,0.0
-11.57738,0.12037037037037036,0.0,0.0
-11.57738,0.12037037037037036,0.0,0.0
-11.57738,0.2074074074074074,0.0,0.0
-10.82666,0.16296296296296295,0.0,0.0
-10.57819,0.0,0.0,0.0
-11.57738,0.07196969696969698,0.01990049751243781,0.0
-10.8825,0.1851851851851852,0.0,0.0
-8.667726,0.08888888888888889,0.0,0.0
-8.29238,0.13095238095238096,0.0,0.0
-5.385953,0.061083743842364535,0.0,0.0
-12.07389,0.12380952380952381,0.0,0.0
-12.07389,0.1437037037037037,0.0,0.0
-12.07389,0.1437037037037037,0.0,0.0
-12.07389,0.1574074074074074,0.0,0.0
-11.32317,0.1574074074074074,0.0,0.0
-11.0747,0.09523809523809523,0.0,0.0
-12.07389,0.09963768115942029,0.019704433497536946,0.0
-11.37901,0.18074074074074073,0.0,0.0
-9.164236,0.041666666666666664,0.0,0.0
-8.78889,0.1722222222222222,0.0,0.0
-5.882463,0.11558109833971904,0.0,0.0
-12.33618,0.08602150537634408,0.0,0.0
-12.33618,0.09523809523809523,0.0,0.0
-12.33618,0.12698412698412698,0.0,0.0
-12.33618,0.16666666666666666,0.0,0.0
-11.58546,0.2222222222222222,0.0,0.0
-11.33699,0.13333333333333333,0.0,0.0
-12.33618,0.07017543859649122,0.0,0.0
-11.6413,0.15873015873015872,0.0,0.0
-12.33618,0.1111111111111111,0.0,0.0
-8.778472,0.24242424242424243,0.0,0.0
-6.223688,0.08333333333333333,0.0,0.0
-13.16486,0.08750463477938449,0.0,0.0
-13.16486,0.031746031746031744,0.0,0.0
-13.16486,0.0985797827903091,0.0,0.0
-13.16486,0.0,0.0,0.0
-12.41413,0.0,0.0,0.0
-12.16567,0.15,0.0,0.0
-13.16486,0.10939112487100104,0.028985507246376812,0.0
-12.46998,0.0985797827903091,0.0,0.0
-13.16486,0.24444444444444446,0.0,0.0
-10.78965,0.0,0.2857142857142857,0.0
-7.643074,0.08472222222222221,0.5,0.0
-9.12694,0.0863095238095238,0.0,0.0
-9.12694,0.04882154882154882,0.0,0.0
-8.813972,0.10942760942760943,0.0,0.0
-8.633974,0.08831908831908832,0.0,0.0
-7.485367,0.1396011396011396,0.0,0.0
-7.554725,0.06060606060606061,0.0,0.0
-9.12694,0.12083333333333333,0.03365384615384615,0.0
-8.331988,0.15824915824915825,0.0,0.0
-9.12694,0.10256410256410257,0.0,0.0
-6.572218,0.20833333333333334,0.14285714285714285,0.0
-3.2186,0.11250435388366424,0.25,0.0
-12.28174,0.07164362519201228,0.0,0.0
-12.28174,0.09853968253968254,0.0,0.0
-12.28174,0.12088888888888889,0.0,0.0
-12.28174,0.16944444444444443,0.0,0.0
-11.53102,0.16805555555555554,0.0,0.0
-11.28255,0.12190476190476192,0.0,0.0
-12.28174,0.06651411136536994,0.0,0.0
-11.58686,0.15898412698412698,0.0,0.0
-12.28174,0.10277777777777777,0.0,0.0
-8.724031,0.18303030303030304,0.0,0.0
-6.431891,0.09166666666666666,0.0,0.0
-13.32146,0.11920122887864822,0.0,0.0
-13.32146,0.1384126984126984,0.26666666666666666,0.0
-13.32146,0.17015873015873018,0.0,0.0
-13.32146,0.13888888888888887,0.0,0.0
-12.57074,0.19444444444444442,0.0,0.0
-12.32227,0.1619047619047619,0.0,0.0
-13.32146,0.09305873379099923,0.0,0.0
-12.62658,0.17015873015873018,0.0,0.0
-13.32146,0.09722222222222221,0.0,0.0
-10.94626,0.21010101010101012,0.0,0.0
-7.208969,0.13425925925925927,0.0,0.0
-10.24359,0.1095881595881596,0.0,0.0
-10.24359,0.11703703703703704,0.0,0.0
-9.930626,0.1262962962962963,0.0,0.0
-9.750628,0.1087962962962963,0.0,0.0
-8.60202,0.15046296296296297,0.0,0.0
-8.671379,0.08705357142857142,0.0,0.0
-10.24359,0.08389492753623187,0.0,0.0
-9.448641,0.1448148148148148,0.0,0.0
-10.24359,0.059027777777777776,0.0,0.0
-7.688872,0.13161764705882353,0.0,0.0
-4.199512,0.10150736035491026,0.0,0.0
-12.28174,0.07164362519201228,0.0,0.0
-12.28174,0.09853968253968254,0.0,0.0
-12.28174,0.12088888888888889,0.0,0.0
-12.28174,0.16944444444444443,0.0,0.0
-11.53102,0.16805555555555554,0.0,0.0
-11.28255,0.12190476190476192,0.0,0.0
-12.28174,0.06651411136536994,0.0,0.0
-11.58686,0.15898412698412698,0.0,0.0
-12.28174,0.10277777777777777,0.0,0.0
-8.724031,0.18303030303030304,0.0,0.0
-6.431891,0.09166666666666666,0.0,0.0
-12.28174,0.07164362519201228,0.0,0.0
-12.28174,0.09853968253968254,0.0,0.0
-12.28174,0.12088888888888889,0.0,0.0
-12.28174,0.16944444444444443,0.0,0.0
-11.53102,0.16805555555555554,0.0,0.0
-11.28255,0.12190476190476192,0.0,0.0
-12.28174,0.06651411136536994,0.0,0.0
-11.58686,0.15898412698412698,0.0,0.0
-12.28174,0.10277777777777777,0.0,0.0
-8.724031,0.18303030303030304,0.0,0.0
-6.431891,0.09166666666666666,0.0,0.0
-13.92667,0.2222222222222222,0.0,0.0
-13.92667,0.20512820512820515,0.0,0.0
-13.92667,0.20512820512820515,0.0,0.0
-13.92667,0.23529411764705885,0.0,0.0
-13.17595,0.1568627450980392,0.0,0.0
-12.92748,0.08888888888888889,0.0,0.0
-13.92667,0.1111111111111111,0.018518518518518517,0.0
-13.23179,0.3076923076923077,0.0,0.0
-13.92667,0.23529411764705885,0.0,0.0
-11.55147,0.25,0.0,0.0
-8.16126,0.14414414414414414,0.17391304347826086,0.0
-9.822632,0.12903225806451613,0.0,0.0
-9.822632,0.09523809523809523,0.0,0.0
-9.509664,0.09523809523809523,0.0,0.0
-9.329666,0.08333333333333333,0.0,0.0
-8.181059,0.16666666666666666,0.0,0.0
-8.250417,0.1,0.0,0.0
-9.822632,0.05263157894736842,0.0,0.0
-9.02768,0.14285714285714285,0.0,0.0
-9.822632,0.08333333333333333,0.0,0.0
-4.569091,0.18181818181818182,0.0,0.0
-4.075014,0.125,0.0,0.0
-9.835154,0.06825396825396825,0.0,0.0
-9.835154,0.05185185185185185,0.05555555555555555,0.0
-9.522187,0.08518518518518518,0.0,0.0
-9.342188,0.15824915824915825,0.0,0.0
-8.193581,0.12121212121212122,0.0,0.0
-8.262939,0.047619047619047616,0.0,0.0
-9.835154,0.020833333333333332,0.0,0.0
-9.040202,0.08518518518518518,0.0,0.0
-9.835154,0.15824915824915825,0.0,0.0
-6.906865,0.06666666666666667,0.0,0.0
-2.718415,0.054505005561735265,0.0,0.0
-9.835154,0.06825396825396825,0.0,0.0
-9.835154,0.05185185185185185,0.05128205128205128,0.0
-9.522187,0.08518518518518518,0.0,0.0
-9.342188,0.15824915824915825,0.0,0.0
-8.193581,0.12121212121212122,0.0,0.0
-8.262939,0.047619047619047616,0.0,0.0
-9.835154,0.020833333333333332,0.0,0.0
-9.040202,0.08518518518518518,0.0,0.0
-9.835154,0.15824915824915825,0.0,0.0
-6.906865,0.06666666666666667,0.0,0.0
-2.718415,0.054505005561735265,0.0,0.0
-13.08509,0.10752688172043011,0.0,0.0
-13.08509,0.12698412698412698,0.023809523809523808,0.0
-13.08509,0.1027077497665733,0.0,0.0
-13.08509,0.1111111111111111,0.0,0.0
-12.33437,0.1111111111111111,0.0,0.0
-12.0859,0.13333333333333333,0.0,0.0
-13.08509,0.03508771929824561,0.0,0.0
-12.39021,0.12698412698412698,0.0,0.0
-13.08509,0.05555555555555555,0.0,0.0
-10.70989,0.06060606060606061,0.0,0.0
-7.073124,0.0863095238095238,0.0,0.0
-14.08585,0.1869281045751634,0.0,0.0
-14.08585,0.2388888888888889,0.0,0.0
-14.08585,0.15,0.0,0.0
-14.08585,0.1494949494949495,0.0,0.0
-13.33513,0.21010101010101012,0.0,0.0
-13.08666,0.301994301994302,0.0,0.0
-14.08585,0.09764309764309764,0.0,0.0
-13.39097,0.2388888888888889,0.0,0.0
-14.08585,0.1494949494949495,0.0,0.0
-11.71064,0.11428571428571428,0.0,0.0
-7.988326,0.1597542242703533,0.0,0.0
-9.831778,0.16216216216216217,0.0,0.0
-9.831778,0.18518518518518517,0.023255813953488372,0.0
-9.518811,0.14814814814814814,0.0,0.0
-9.338812,0.16666666666666666,0.0,0.0
-8.190205,0.1111111111111111,0.0,0.0
-8.259563,0.125,0.0,0.0
-9.831778,0.08,0.0,0.0
-9.036826,0.18518518518518517,0.0,0.0
-9.831778,0.05555555555555555,0.0,0.0
-5.014391,0.11764705882352941,0.0,0.0
-4.474234,0.13157894736842105,0.0,0.0
-13.33166,0.09997096399535424,0.0,0.0
-13.33166,0.11953405017921147,0.0,0.0
-13.33166,0.16066308243727598,0.0,0.0
-13.33166,0.18686868686868685,0.0,0.0
-12.58094,0.13636363636363635,0.0,0.0
-12.33247,0.08571428571428572,0.0,0.0
-13.33166,0.10183189655172414,0.0,0.0
-12.63678,0.16066308243727598,0.0,0.0
-13.33166,0.18686868686868685,0.0,0.0
-10.58289,0.09761904761904762,0.0,0.0
-6.214921,0.1599263732189205,0.0,0.0
-9.797284,0.09375,0.0,0.0
-9.797284,0.13636363636363635,0.0,0.0
-9.484316,0.13636363636363635,0.0,0.0
-9.304318,0.07692307692307693,0.0,0.0
-8.155711,0.07692307692307693,0.0,0.0
-8.225069,0.2727272727272727,0.0,0.0
-9.797284,0.1,0.0,0.0
-9.002332,0.18181818181818182,0.0,0.0
-9.797284,0.07692307692307693,0.0,0.0
-7.242562,0.08333333333333333,0.0,0.0
-3.630921,0.12121212121212122,0.0,0.0
-11.88979,0.022988505747126436,0.0,0.0
-11.88979,0.03508771929824561,0.023255813953488372,0.0
-11.88979,0.0392156862745098,0.0,0.0
-11.88979,0.06666666666666667,0.0,0.0
-11.13907,0.13333333333333333,0.0,0.0
-10.8906,0.0,0.0,0.0
-11.88979,0.0,0.0,0.0
-11.19491,0.07017543859649122,0.0,0.0
-11.88979,0.0,0.0,0.0
-8.78175,0.0,0.0,0.0
-5.877824,0.046031746031746035,0.0,0.0
-9.797284,0.09375,0.0,0.0
-9.797284,0.13636363636363635,0.0,0.0
-9.484316,0.13636363636363635,0.0,0.0
-9.304318,0.07692307692307693,0.0,0.0
-8.155711,0.07692307692307693,0.0,0.0
-8.225069,0.2727272727272727,0.0,0.0
-9.797284,0.1,0.0,0.0
-9.002332,0.18181818181818182,0.0,0.0
-9.797284,0.07692307692307693,0.0,0.0
-7.242562,0.08333333333333333,0.0,0.0
-3.630921,0.12121212121212122,0.0,0.0
-9.797284,0.09375,0.0,0.0
-9.797284,0.13636363636363635,0.0,0.0
-9.484316,0.13636363636363635,0.0,0.0
-9.304318,0.07692307692307693,0.0,0.0
-8.155711,0.07692307692307693,0.0,0.0
-8.225069,0.2727272727272727,0.0,0.0
-9.797284,0.1,0.0,0.0
-9.002332,0.18181818181818182,0.0,0.0
-9.797284,0.07692307692307693,0.0,0.0
-7.242562,0.08333333333333333,0.0,0.0
-3.630921,0.12121212121212122,0.0,0.0
-12.66962,0.08333333333333333,0.0,0.0
-12.66962,0.06060606060606061,0.0,0.0
-12.66962,0.12121212121212122,0.0,0.0
-12.66962,0.0,0.0,0.0
-11.9189,0.10256410256410257,0.0,0.0
-11.67043,0.12121212121212122,0.0,0.0
-12.66962,0.13333333333333333,0.0,0.0
-11.97474,0.030303030303030304,0.0,0.0
-12.66962,0.10256410256410257,0.0,0.0
-10.29441,0.1111111111111111,0.0,0.0
-6.596415,0.10101010101010101,0.0,0.0
-12.08695,0.09523809523809523,0.0,0.0
-12.08695,0.07407407407407407,0.021739130434782608,0.0
-12.08695,0.07407407407407407,0.0,0.0
-12.08695,0.14814814814814814,0.0,0.0
-11.33623,0.14814814814814814,0.0,0.0
-11.08776,0.0,0.0,0.0
-12.08695,0.08333333333333333,0.0,0.0
-11.39207,0.07407407407407407,0.0,0.0
-12.08695,0.14814814814814814,0.0,0.0
-9.711747,0.16666666666666666,0.0,0.0
-5.992724,0.04597701149425287,0.0,0.0
-12.08695,0.09523809523809523,0.0,0.0
-12.08695,0.07407407407407407,0.10416666666666667,0.0
-12.08695,0.07407407407407407,0.0,0.0
-12.08695,0.14814814814814814,0.0,0.0
-11.33623,0.14814814814814814,0.14285714285714285,0.0
-11.08776,0.0,0.0,0.0
-12.08695,0.08333333333333333,0.011764705882352941,0.0
-11.39207,0.07407407407407407,0.0,0.0
-12.08695,0.14814814814814814,0.0,0.0
-9.711747,0.16666666666666666,0.0,0.0
-5.992724,0.04597701149425287,0.06060606060606061,0.0
-12.08695,0.09523809523809523,0.0,0.0
-12.08695,0.07407407407407407,0.020833333333333332,0.0
-12.08695,0.07407407407407407,0.0,0.0
-12.08695,0.14814814814814814,0.0,0.0
-11.33623,0.14814814814814814,0.0,0.0
-11.08776,0.0,0.0,0.0
-12.08695,0.08333333333333333,0.007782101167315175,0.0
-11.39207,0.07407407407407407,0.0,0.0
-12.08695,0.14814814814814814,0.0,0.0
-9.711747,0.16666666666666666,0.0,0.0
-5.992724,0.04597701149425287,0.030303030303030304,0.0
-13.48494,0.16176470588235295,0.08860759493670886,0.0
-13.48494,0.14646464646464644,0.1388888888888889,0.0
-13.48494,0.202020202020202,0.17391304347826086,0.0
-13.48494,0.23589743589743592,0.0,0.0
-12.73422,0.19145299145299144,0.0,0.0
-12.48575,0.1724941724941725,0.0,0.0
-13.48494,0.1272727272727273,0.0,0.0
-12.79006,0.2601010101010101,0.0,0.0
-13.48494,0.09572649572649572,0.0,0.0
-11.10974,0.25396825396825395,0.0,0.0
-7.096439,0.156998556998557,0.01652892561983471,0.0
-9.64549,0.125,0.3291139240506329,0.0
-9.64549,0.13636363636363635,0.8472222222222222,0.0
-9.332523,0.13636363636363635,0.0,0.0
-9.152524,0.15384615384615385,0.0,0.0
-8.003917,0.15384615384615385,0.0,0.0
-8.073275,0.18181818181818182,0.0,0.0
-9.64549,0.1,0.0125,0.0
-8.850538,0.18181818181818182,0.0,0.0
-9.64549,0.07692307692307693,0.0,0.0
-7.090769,0.16666666666666666,0.0,0.0
-2.871689,0.12121212121212122,0.11570247933884298,0.0
-12.20658,0.15,0.21518987341772153,0.0
-12.20658,0.15757575757575756,0.1388888888888889,0.0
-12.20658,0.15757575757575756,0.0,0.0
-12.20658,0.16317016317016317,0.0,0.0
-10.55867,0.22377622377622378,0.0,0.0
-11.20739,0.19528619528619529,0.0,0.0
-12.20658,0.1037037037037037,0.0,0.0
-11.5117,0.2212121212121212,0.0,0.0
-12.20658,0.11188811188811189,0.0,0.0
-9.61773,0.17777777777777778,0.0,0.0
-5.432779,0.12381883349625285,0.19008264462809918,0.0
-9.668522,0.09090909090909091,0.4810126582278481,0.0
-9.668522,0.13043478260869565,0.3194444444444444,0.0
-9.355554,0.17391304347826086,0.0,0.0
-9.175556,0.0,0.0,0.0
-8.026948,0.07142857142857142,0.14285714285714285,0.0
-8.096306,0.16666666666666666,0.0,0.0
-9.668522,0.14285714285714285,0.0,0.0
-8.873569,0.08695652173913043,0.0,0.0
-9.668522,0.2857142857142857,0.0,0.0
-7.1138,0.07692307692307693,0.0,0.0
-3.184765,0.11764705882352941,0.4297520661157025,0.0
-9.286405,0.09090909090909091,0.11392405063291139,0.0
-9.286405,0.13043478260869565,0.041666666666666664,0.0
-8.973438,0.13043478260869565,0.057692307692307696,0.0
-8.793439,0.0,0.0,0.0
-7.644832,0.07142857142857142,0.0,0.0
-7.71419,0.16666666666666666,0.0,0.0
-9.286405,0.09523809523809523,0.005319148936170213,0.0
-5.11496,0.13043478260869565,0.625,0.0
-9.286405,0.07142857142857142,0.0,0.0
-6.731683,0.07692307692307693,0.0,0.0
-3.156824,0.14705882352941177,0.00819672131147541,0.0
-10.03237,0.20588235294117646,0.11764705882352941,0.0
-10.03237,0.125,0.05084745762711865,0.0
-9.719407,0.25,0.4634146341463415,0.0
-9.539408,0.13333333333333333,0.0,0.0
-8.390801,0.13333333333333333,0.0,0.0
-8.460159,0.15384615384615385,0.0,0.0
-10.03237,0.13636363636363635,0.005714285714285714,0.0
-9.237422,0.125,0.0,0.0
-10.03237,0.13333333333333333,0.0,0.0
-7.477652,0.14285714285714285,0.0,0.0
-4.272666,0.11428571428571428,0.0,0.0
-12.82545,0.09062980030721966,0.014492753623188406,0.0
-12.82545,0.06878306878306878,0.0,0.0
-12.82545,0.10052910052910052,0.0,0.0
-12.82545,0.1851851851851852,0.0,0.0
-12.07473,0.12962962962962962,0.0,0.0
-11.82626,0.06666666666666667,0.0,0.0
-12.82545,0.07675438596491228,0.0,0.0
-12.13057,0.13227513227513227,0.0,0.0
-12.82545,0.1851851851851852,0.0,0.0
-10.45025,0.14393939393939395,0.0,0.0
-6.731226,0.08548850574712645,0.021052631578947368,0.0
-12.14322,0.13118279569892474,0.014285714285714285,0.0
-12.14322,0.1619047619047619,0.0,0.0
-12.14322,0.12857142857142856,0.0,0.0
-12.14322,0.1717171717171717,0.0,0.0
-11.3925,0.11616161616161617,0.0,0.0
-11.14403,0.14074074074074075,0.0,0.0
-12.14322,0.07212475633528265,0.0,0.0
-11.44834,0.1952380952380952,0.0,0.0
-12.14322,0.1717171717171717,0.0,0.0
-9.768018,0.1272727272727273,0.0,0.0
-6.245399,0.1478494623655914,0.0,0.0
-11.88639,0.1365079365079365,0.11428571428571428,0.0
-11.88639,0.07037037037037037,0.1864406779661017,0.0
-11.88639,0.13703703703703704,0.0,0.0
-11.88639,0.19528619528619529,0.0,0.0
-11.13566,0.13468013468013468,0.0,0.0
-10.88719,0.0,0.0,0.0
-11.88639,0.0787037037037037,0.09659090909090909,0.0
-11.19151,0.1037037037037037,0.25,0.0
-11.88639,0.19528619528619529,0.0,0.0
-8.119703,0.15,0.0,0.0
-5.792157,0.06599925843529848,0.3469387755102041,0.0
-10.2913,0.17142857142857143,0.05555555555555555,0.0
-10.2913,0.12,0.13559322033898305,0.0
-9.978331,0.2,0.0,0.0
-9.798333,0.125,0.0,0.0
-8.649725,0.1875,0.0,0.0
-8.719084,0.07142857142857142,0.0,0.0
-10.2913,0.17391304347826086,0.016666666666666666,0.0
-9.496346,0.2,0.0,0.0
-10.2913,0.125,0.0,0.0
-7.736577,0.2,0.09090909090909091,0.0
-4.566606,0.1111111111111111,0.1414141414141414,0.0
-9.580745,0.0625,0.013888888888888888,0.0
-9.580745,0.0,0.15254237288135594,0.0
-9.267777,0.09090909090909091,0.0,0.0
-9.087779,0.07692307692307693,0.0,0.0
-7.939172,0.07692307692307693,0.0,0.0
-8.00853,0.09090909090909091,0.0,0.0
-9.580745,0.05,0.03867403314917127,0.0
-8.785792,0.09090909090909091,0.0,0.0
-9.580745,0.23076923076923078,0.0,0.0
-4.165419,0.08333333333333333,0.16666666666666666,0.0
-3.648255,0.06060606060606061,0.06060606060606061,0.0
-13.48494,0.16176470588235295,0.08333333333333333,0.0
-13.48494,0.14646464646464644,0.140625,0.0
-13.48494,0.202020202020202,0.0,0.0
-13.48494,0.23589743589743592,0.0,0.0
-12.73422,0.19145299145299144,0.0,0.0
-12.48575,0.1724941724941725,0.0,0.0
-13.48494,0.1272727272727273,0.0,0.0
-12.79006,0.2601010101010101,0.0,0.0
-13.48494,0.09572649572649572,0.0,0.0
-11.10974,0.25396825396825395,0.0,0.0
-7.096439,0.156998556998557,0.009708737864077669,0.0
-9.64549,0.125,0.4520547945205479,0.0
-9.64549,0.13636363636363635,1.59375,0.0
-9.332523,0.13636363636363635,0.0,0.0
-9.152524,0.15384615384615385,0.0,0.0
-8.003917,0.15384615384615385,0.0,0.0
-8.073275,0.18181818181818182,0.0,0.0
-9.64549,0.1,0.01015228426395939,0.0
-8.850538,0.18181818181818182,0.0,0.0
-9.64549,0.07692307692307693,0.0,0.0
-7.090769,0.16666666666666666,0.0,0.0
-2.871689,0.12121212121212122,0.14563106796116504,0.0
-12.62628,0.16176470588235295,0.32,0.0
-12.62628,0.14646464646464644,0.13043478260869565,0.0
-12.62628,0.202020202020202,0.06818181818181818,0.0
-12.62628,0.19145299145299144,0.0,0.0
-10.51359,0.19145299145299144,0.0,0.0
-11.62709,0.1724941724941725,0.0,0.0
-12.62628,0.15757575757575756,0.0,0.0
-11.9314,0.20454545454545456,0.0,0.0
-12.62628,0.14017094017094017,0.0,0.0
-10.25107,0.20634920634920637,0.0,0.0
-5.852477,0.17604617604617603,0.19090909090909092,0.0
-9.668522,0.09090909090909091,0.4666666666666667,0.0
-9.668522,0.13043478260869565,0.2028985507246377,0.0
-9.355554,0.17391304347826086,0.06818181818181818,0.0
-9.175556,0.0,0.0,0.0
-8.026948,0.07142857142857142,0.14285714285714285,0.0
-8.096306,0.16666666666666666,0.0,0.0
-9.668522,0.14285714285714285,0.0,0.0
-8.873569,0.08695652173913043,0.0,0.0
-9.668522,0.2857142857142857,0.0,0.0
-7.1138,0.07692307692307693,0.0,0.0
-3.184765,0.11764705882352941,0.2545454545454545,0.0
-9.835154,0.06825396825396825,0.4,0.0
-9.835154,0.05185185185185185,0.2753623188405797,0.0
-9.522187,0.08518518518518518,0.06818181818181818,0.0
-9.342188,0.15824915824915825,0.0,0.0
-8.193581,0.12121212121212122,0.0,0.0
-8.262939,0.047619047619047616,0.0,0.0
-9.835154,0.020833333333333332,0.0,0.0
-9.040202,0.08518518518518518,0.0,0.0
-9.835154,0.15824915824915825,0.0,0.0
-6.906865,0.06666666666666667,0.0,0.0
-2.718415,0.054505005561735265,1.1181818181818182,0.0
-9.68203,0.07142857142857142,0.32,0.0
-9.68203,0.05555555555555555,0.1,0.0
-9.369062,0.05555555555555555,0.06818181818181818,0.0
-9.189064,0.1111111111111111,0.0,0.0
-8.040456,0.0,0.0,0.0
-8.109815,0.14285714285714285,0.0,0.0
-9.68203,0.0625,0.0,0.0
-8.887077,0.05555555555555555,0.0,0.0
-9.68203,0.1111111111111111,0.0,0.0
-7.127308,0.0,0.0,0.0
-2.599064,0.034482758620689655,0.8558558558558559,0.0
-13.09981,0.11216608594657375,0.48,0.0
-13.09981,0.11953405017921147,0.2571428571428571,0.0
-13.09981,0.16066308243727598,0.06818181818181818,0.0
-13.09981,0.16414141414141414,0.0,0.0
-12.34908,0.1590909090909091,0.0,0.0
-12.10062,0.08571428571428572,0.0,0.0
-13.09981,0.10183189655172414,0.0,0.0
-12.40493,0.12840501792114695,0.0,0.0
-13.09981,0.16414141414141414,0.0,0.0
-10.35103,0.09761904761904762,0.08333333333333333,0.0
-5.983067,0.1599263732189205,1.6460176991150441,0.0
-9.835154,0.06825396825396825,0.17333333333333334,0.0
-9.835154,0.05185185185185185,0.2714285714285714,0.0
-9.522187,0.08518518518518518,0.0,0.0
-9.342188,0.15824915824915825,0.0,0.0
-8.193581,0.12121212121212122,0.0,0.0
-8.262939,0.047619047619047616,0.0,0.0
-9.835154,0.020833333333333332,0.0,0.0
-9.040202,0.08518518518518518,0.0,0.0
-9.835154,0.15824915824915825,0.0,0.0
-6.906865,0.06666666666666667,0.08333333333333333,0.0
-2.718415,0.054505005561735265,0.7913043478260869,0.0
